{
    "metrics": {
        "http_reqs": {
            "count": 14402,
            "rate": 136.90865096723184
        },
        "data_received": {
            "count": 167600758,
            "rate": 1593250.4984630947
        },
        "http_req_tls_handshaking": {
            "med": 0,
            "max": 0,
            "p(90)": 0,
            "p(95)": 0,
            "avg": 0,
            "min": 0
        },
        "vus_max": {
            "min": 20,
            "max": 20,
            "value": 20
        },
        "http_req_failed": {
            "passes": 13498,
            "fails": 904,
            "thresholds": {
                "rate<0.95": false
            },
            "value": 0.9372309401472018
        },
        "http_req_duration{expected_response:true}": {
            "avg": 1359.7196288462378,
            "min": 18.422007,
            "med": 1359.2176960000002,
            "max": 1861.201354,
            "p(90)": 1645.4482606000001,
            "p(95)": 1675.99012795
        },
        "http_req_sending": {
            "avg": 0.018094355020136083,
            "min": 0.004338,
            "med": 0.01606,
            "max": 2.119176,
            "p(90)": 0.023494,
            "p(95)": 0.02726954999999999
        },
        "http_req_duration": {
            "avg": 113.91073708214199,
            "min": 14.148667,
            "med": 30.8807445,
            "max": 1861.201354,
            "p(90)": 46.920870799999996,
            "p(95)": 1153.5571702999996
        },
        "checks": {
            "passes": 14400,
            "fails": 0,
            "value": 1
        },
        "vus": {
            "value": 1,
            "min": 0,
            "max": 20
        },
        "http_req_blocked": {
            "max": 1.279403,
            "p(90)": 0.004659,
            "p(95)": 0.005179949999999998,
            "avg": 0.004396180113873069,
            "min": 0.001002,
            "med": 0.003417
        },
        "http_req_waiting": {
            "avg": 113.72696085696491,
            "min": 14.075681,
            "med": 30.680507499999997,
            "max": 1861.15091,
            "p(90)": 46.685228699999996,
            "p(95)": 1153.4758828499994
        },
        "http_req_receiving": {
            "avg": 0.16568187015692268,
            "min": 0.017773,
            "med": 0.104735,
            "max": 6.851428,
            "p(90)": 0.2784618999999997,
            "p(95)": 0.4701194999999997
        },
        "data_sent": {
            "count": 4873124,
            "rate": 46325.01269518405
        },
        "iteration_duration": {
            "max": 1861.331526,
            "p(90)": 47.055661900000004,
            "p(95)": 1153.806098799999,
            "avg": 114.06035126465257,
            "min": 14.228385,
            "med": 31.041465000000002
        },
        "http_req_connecting": {
            "avg": 0.00039869705596444927,
            "min": 0,
            "med": 0,
            "max": 0.440781,
            "p(90)": 0,
            "p(95)": 0
        },
        "iterations": {
            "count": 14400,
            "rate": 136.88963851743776
        }
    },
    "setup_data": {
        "categoryId": 1234,
        "sessionId": 412,
        "token": "1|1oK4WNWK6LWBVZIZTltjSx9gowEonIIx9av1bAhu5d822296"
    },
    "root_group": {
        "path": "",
        "id": "d41d8cd98f00b204e9800998ecf8427e",
        "groups": {},
        "checks": {
                "status 201 or 422 (stocks)": {
                    "passes": 14400,
                    "fails": 0,
                    "name": "status 201 or 422 (stocks)",
                    "path": "::status 201 or 422 (stocks)",
                    "id": "adbb8e52dde8490ae81775ddf29f59a1"
                }
            },
        "name": ""
    }
}