{
    "root_group": {
        "path": "",
        "id": "d41d8cd98f00b204e9800998ecf8427e",
        "groups": {},
        "checks": {
                "status 200": {
                    "name": "status 200",
                    "path": "::status 200",
                    "id": "fad9fa412b86fcb03bee97c80dcd61f1",
                    "passes": 437,
                    "fails": 0
                },
                "is HTML": {
                    "fails": 0,
                    "name": "is HTML",
                    "path": "::is HTML",
                    "id": "bab164c88b7a98ab186adcf72734af3d",
                    "passes": 437
                }
            },
        "name": ""
    },
    "metrics": {
        "http_req_sending": {
            "avg": 0.02308921281464531,
            "min": 0.00559,
            "med": 0.019747,
            "max": 0.215071,
            "p(90)": 0.032462000000000005,
            "p(95)": 0.03983419999999999
        },
        "http_reqs": {
            "count": 437,
            "rate": 3.621366464118262
        },
        "http_req_waiting": {
            "med": 3331.433995,
            "max": 4632.516016,
            "p(90)": 3821.6832480000003,
            "p(95)": 3953.4937099999997,
            "avg": 3175.7566774553798,
            "min": 1562.739673
        },
        "vus_max": {
            "value": 20,
            "min": 20,
            "max": 20
        },
        "vus": {
            "value": 1,
            "min": 0,
            "max": 20
        },
        "http_req_connecting": {
            "max": 0.220611,
            "p(90)": 0,
            "p(95)": 0,
            "avg": 0.006809807780320366,
            "min": 0,
            "med": 0
        },
        "iteration_duration": {
            "p(90)": 4839.505638600001,
            "p(95)": 4979.5459668,
            "avg": 4192.062743858126,
            "min": 2567.867567,
            "med": 4346.318493,
            "max": 5683.846254
        },
        "http_req_failed": {
            "passes": 0,
            "fails": 437,
            "thresholds": {
                "rate<0.05": false
            },
            "value": 0
        },
        "iterations": {
            "count": 437,
            "rate": 3.621366464118262
        },
        "http_req_duration{expected_response:true}": {
            "min": 1566.581198,
            "med": 3345.556655,
            "max": 4682.594812,
            "p(90)": 3838.5280726,
            "p(95)": 3978.7623866,
            "avg": 3191.2033339656737
        },
        "data_sent": {
            "count": 36708,
            "rate": 304.194782985934
        },
        "http_req_receiving": {
            "min": 0.808586,
            "med": 6.475172,
            "max": 313.522181,
            "p(90)": 16.396409200000004,
            "p(95)": 54.14093999999952,
            "avg": 15.423567297482833
        },
        "http_req_tls_handshaking": {
            "p(95)": 0,
            "avg": 0,
            "min": 0,
            "med": 0,
            "max": 0,
            "p(90)": 0
        },
        "checks": {
            "fails": 0,
            "passes": 874,
            "value": 1
        },
        "http_req_duration": {
            "avg": 3191.2033339656737,
            "min": 1566.581198,
            "med": 3345.556655,
            "max": 4682.594812,
            "p(90)": 3838.5280726,
            "p(95)": 3978.7623866
        },
        "http_req_blocked": {
            "avg": 0.01692110068649885,
            "min": 0.002505,
            "med": 0.005931,
            "max": 0.922409,
            "p(90)": 0.009544000000000004,
            "p(95)": 0.018149799999999914
        },
        "data_received": {
            "count": 1147382393,
            "rate": 9508219.953157803
        }
    }
}