{
    "metrics": {
        "data_received": {
            "count": 921581739,
            "rate": 7511559.356764668
        },
        "vus": {
            "value": 1,
            "min": 0,
            "max": 20
        },
        "http_req_duration": {
            "avg": 4248.639178586896,
            "min": 2424.573877,
            "med": 4402.85135,
            "max": 5978.263029,
            "p(90)": 5050.84564,
            "p(95)": 5284.959113499999
        },
        "http_req_waiting": {
            "min": 2421.461253,
            "med": 4397.401635,
            "max": 5969.687705,
            "p(90)": 5036.36027,
            "p(95)": 5277.681805,
            "avg": 4234.568455766384
        },
        "http_req_sending": {
            "med": 0.023134,
            "max": 0.223346,
            "p(90)": 0.039123,
            "p(95)": 0.058909500000000004,
            "avg": 0.027833595441595443,
            "min": 0.009578
        },
        "http_req_duration{expected_response:true}": {
            "avg": 4248.639178586896,
            "min": 2424.573877,
            "med": 4402.85135,
            "max": 5978.263029,
            "p(90)": 5050.84564,
            "p(95)": 5284.959113499999
        },
        "http_req_connecting": {
            "med": 0,
            "max": 0.975025,
            "p(90)": 0,
            "p(95)": 0.12724200000000002,
            "avg": 0.013779481481481483,
            "min": 0
        },
        "http_req_receiving": {
            "avg": 14.042889225071233,
            "min": 0.891419,
            "med": 7.379347,
            "max": 436.838977,
            "p(90)": 15.276099,
            "p(95)": 27.948556
        },
        "vus_max": {
            "value": 20,
            "min": 20,
            "max": 20
        },
        "iteration_duration": {
            "p(95)": 6286.175435499999,
            "avg": 5250.08963859829,
            "min": 3425.877782,
            "med": 5403.943147,
            "max": 6978.606633,
            "p(90)": 6055.251814
        },
        "http_req_blocked": {
            "avg": 0.026769085470085486,
            "min": 0.003266,
            "med": 0.006422,
            "max": 1.071495,
            "p(90)": 0.011582,
            "p(95)": 0.17956450000000002
        },
        "iterations": {
            "count": 351,
            "rate": 2.8609044891506885
        },
        "http_reqs": {
            "count": 351,
            "rate": 2.8609044891506885
        },
        "http_req_tls_handshaking": {
            "p(95)": 0,
            "avg": 0,
            "min": 0,
            "med": 0,
            "max": 0,
            "p(90)": 0
        },
        "checks": {
            "passes": 702,
            "fails": 0,
            "value": 1
        },
        "http_req_failed": {
            "passes": 0,
            "fails": 351,
            "thresholds": {
                "rate<0.05": false
            },
            "value": 0
        },
        "data_sent": {
            "count": 29484,
            "rate": 240.31597708865786
        }
    },
    "root_group": {
        "name": "",
        "path": "",
        "id": "d41d8cd98f00b204e9800998ecf8427e",
        "groups": {},
        "checks": {
                "status 200": {
                    "passes": 351,
                    "fails": 0,
                    "name": "status 200",
                    "path": "::status 200",
                    "id": "fad9fa412b86fcb03bee97c80dcd61f1"
                },
                "is HTML": {
                    "name": "is HTML",
                    "path": "::is HTML",
                    "id": "bab164c88b7a98ab186adcf72734af3d",
                    "passes": 351,
                    "fails": 0
                }
            }
    }
}