{
    "root_group": {
        "name": "",
        "path": "",
        "id": "d41d8cd98f00b204e9800998ecf8427e",
        "groups": {},
        "checks": {
                "status 200": {
                    "name": "status 200",
                    "path": "::status 200",
                    "id": "fad9fa412b86fcb03bee97c80dcd61f1",
                    "passes": 1565,
                    "fails": 0
                },
                "has data array": {
                    "id": "4b06394e68b7c0c7ab1b0deed50b335b",
                    "passes": 1565,
                    "fails": 0,
                    "name": "has data array",
                    "path": "::has data array"
                }
            }
    },
    "metrics": {
        "vus_max": {
            "min": 30,
            "max": 30,
            "value": 30
        },
        "http_req_tls_handshaking": {
            "avg": 0,
            "min": 0,
            "med": 0,
            "max": 0,
            "p(90)": 0,
            "p(95)": 0
        },
        "http_req_receiving": {
            "min": 0.030577,
            "med": 0.409503,
            "max": 11.696084,
            "p(90)": 5.460816000000001,
            "p(95)": 7.177092,
            "avg": 1.3548645571884985
        },
        "iteration_duration": {
            "med": 2088.064526,
            "max": 4187.241976,
            "p(90)": 3626.3892092,
            "p(95)": 3802.507538,
            "avg": 2329.473105134188,
            "min": 2020.171443
        },
        "iterations": {
            "count": 1565,
            "rate": 10.331275236789507
        },
        "data_received": {
            "count": 1078409320,
            "rate": 7119069.330887547
        },
        "http_req_sending": {
            "p(95)": 0.03132,
            "avg": 0.019789680511182114,
            "min": 0.005691,
            "med": 0.018043,
            "max": 0.14511,
            "p(90)": 0.02593000000000001
        },
        "http_req_waiting": {
            "med": 85.218445,
            "max": 2134.297217,
            "p(90)": 1590.7706232,
            "p(95)": 1764.2069647999997,
            "avg": 321.16671569456855,
            "min": 19.693838
        },
        "vus": {
            "value": 1,
            "min": 0,
            "max": 30
        },
        "http_req_connecting": {
            "avg": 0.0038758268370607026,
            "min": 0,
            "med": 0,
            "max": 0.374688,
            "p(90)": 0,
            "p(95)": 0
        },
        "data_sent": {
            "count": 183793,
            "rate": 1213.3010029362645
        },
        "http_req_duration{expected_response:true}": {
            "min": 19.777153,
            "med": 85.713422,
            "max": 2141.320277,
            "p(90)": 1597.5093986000002,
            "p(95)": 1769.5338739999997,
            "avg": 322.5413699322685
        },
        "http_req_duration": {
            "avg": 322.5413699322685,
            "min": 19.777153,
            "med": 85.713422,
            "max": 2141.320277,
            "p(90)": 1597.5093986000002,
            "p(95)": 1769.5338739999997
        },
        "checks": {
            "passes": 3130,
            "fails": 0,
            "value": 1
        },
        "http_req_blocked": {
            "avg": 0.010778767412140549,
            "min": 0.002064,
            "med": 0.005099,
            "max": 0.835126,
            "p(90)": 0.007450000000000001,
            "p(95)": 0.010506999999999999
        },
        "http_req_failed": {
            "passes": 0,
            "fails": 1565,
            "thresholds": {
                "rate<0.05": false
            },
            "value": 0
        },
        "http_reqs": {
            "count": 1565,
            "rate": 10.331275236789507
        }
    }
}