{
    "root_group": {
        "name": "",
        "path": "",
        "id": "d41d8cd98f00b204e9800998ecf8427e",
        "groups": {},
        "checks": {
                "status 200": {
                    "path": "::status 200",
                    "id": "fad9fa412b86fcb03bee97c80dcd61f1",
                    "passes": 1409,
                    "fails": 0,
                    "name": "status 200"
                },
                "has data array": {
                    "fails": 0,
                    "name": "has data array",
                    "path": "::has data array",
                    "id": "4b06394e68b7c0c7ab1b0deed50b335b",
                    "passes": 1409
                }
            }
    },
    "metrics": {
        "http_req_blocked": {
            "med": 0.006272,
            "max": 0.685126,
            "p(90)": 0.0105738,
            "p(95)": 0.015734999999999985,
            "avg": 0.013147670688431494,
            "min": 0.003256
        },
        "http_req_connecting": {
            "p(95)": 0,
            "avg": 0.0036928140525195174,
            "min": 0,
            "med": 0,
            "max": 0.293035,
            "p(90)": 0
        },
        "checks": {
            "passes": 2818,
            "fails": 0,
            "value": 1
        },
        "data_sent": {
            "count": 164746,
            "rate": 1083.8146868401755
        },
        "http_req_failed": {
            "passes": 0,
            "fails": 1409,
            "thresholds": {
                "rate<0.05": false
            },
            "value": 0
        },
        "vus": {
            "max": 30,
            "value": 1,
            "min": 0
        },
        "http_req_tls_handshaking": {
            "p(95)": 0,
            "avg": 0,
            "min": 0,
            "med": 0,
            "max": 0,
            "p(90)": 0
        },
        "data_received": {
            "count": 1093968818,
            "rate": 7196893.835926741
        },
        "http_req_duration": {
            "p(95)": 2881.060069199998,
            "avg": 573.36433543648,
            "min": 21.245923,
            "med": 134.877096,
            "max": 3423.356477,
            "p(90)": 2662.4346362
        },
        "http_req_receiving": {
            "p(90)": 7.473617400000002,
            "p(95)": 10.0876682,
            "avg": 2.064309923349894,
            "min": 0.030567,
            "med": 0.556886,
            "max": 22.928305
        },
        "iteration_duration": {
            "avg": 2585.4959244932566,
            "min": 2021.697977,
            "med": 2138.306694,
            "max": 5489.41834,
            "p(90)": 4720.3983198000005,
            "p(95)": 4937.086195799998
        },
        "iterations": {
            "count": 1409,
            "rate": 9.269389810725645
        },
        "vus_max": {
            "value": 30,
            "min": 30,
            "max": 30
        },
        "http_req_waiting": {
            "avg": 571.2716950056767,
            "min": 21.163689,
            "med": 134.316132,
            "max": 3408.445658,
            "p(90)": 2654.6999004000004,
            "p(95)": 2869.276346999999
        },
        "http_req_sending": {
            "p(95)": 0.047214,
            "avg": 0.02833050745209365,
            "min": 0.008155,
            "med": 0.021871,
            "max": 1.058551,
            "p(90)": 0.03631
        },
        "http_req_duration{expected_response:true}": {
            "max": 3423.356477,
            "p(90)": 2662.4346362,
            "p(95)": 2881.060069199998,
            "avg": 573.36433543648,
            "min": 21.245923,
            "med": 134.877096
        },
        "http_reqs": {
            "count": 1409,
            "rate": 9.269389810725645
        }
    }
}